﻿<?xml version="1.0" encoding ="UTF-8"?>
<!-- DTD externe-->
<!-- DOCTYPE cdtheque SYSTEM "cdtheque.dtd" -->
<!-- DTD interne-->
<!DOCTYPE cdtheque [
<!ELEMENT cdtheque (cd*) >
<!ATTLIST cdtheque date CDATA #REQUIRED>
<!ATTLIST cdtheque auteur CDATA #REQUIRED>
<!ELEMENT cd (titre, artiste, style?)>
<!ELEMENT titre (#PCDATA)>
<!ELEMENT style (#PCDATA)>
<!ELEMENT artiste (#PCDATA)>
]>

<cdtheque date="05052015" auteur="Divers artistes">
<cd>
<titre>El-Atlal</titre>
<artiste>Oum Kalthoum</artiste>
<style>classique</style>
</cd>

<cd>
<titre>Ghadar</titre>
<artiste>Abdelhalim</artiste>
</cd>

<cd>
<titre>Tunisie</titre>
<artiste>General</artiste>
<style>rap</style>
</cd>
</cdtheque>