<?xml version="1.0" encoding ="UTF-8" standalone="no" ?>
<!-- DTD externe-->
<!DOCTYPE Compagnie SYSTEM "Ex2-compagnie.dtd">
<Compagnie>
	<Adresse>
		<Nom>STEG générale</Nom>
		<Rue>Mohamed V Tunis </Rue>
		<Pays>Tunisie</Pays>
		<Postal>2100</Postal>
	</Adresse>
	<Division>
		<Division-Nom>clientèle</Division-Nom>
		<Location>Tunis</Location>
		<Personne Manager="true" Diplome="MA">
			<Nom>Ali</Nom>
			<Prénom>Ali</Prénom>
			<Tel>111</Tel>
			<Email>Ali@work.com</Email>
		</Personne>
		<Personne Manager="false" Diplome="BA">
			<Nom>Bilel</Nom>
			<Prénom>Bilel</Prénom>
			<Tel>222</Tel>
			<Email>Bilel@work.com</Email>
		</Personne>
	</Division>
</Compagnie>
