﻿<?xml version="1.0" encoding ="UTF-8" standalone="no" ?>
<!-- DTD interne-->
<!DOCTYPE bibliography [
<!ELEMENT bibliography (books,publishers) >
<!ELEMENT books (book+)>
<!ELEMENT publishers (publisher+)>
<!ELEMENT book (title, author, year, isbn, url?, published) >
<!ELEMENT publisher (name, address)>
<!ELEMENT title (#PCDATA)>
<!ELEMENT author (#PCDATA)>
<!ELEMENT year (#PCDATA)>
<!ELEMENT isbn (#PCDATA)>
<!ELEMENT url (#PCDATA)>
<!ELEMENT published (#PCDATA)>
<!ELEMENT name (#PCDATA)>
<!ELEMENT address (#PCDATA)>
<!ATTLIST book key CDATA #REQUIRED lang (fr|en) #REQUIRED >
<!ATTLIST published by IDREF #REQUIRED>
<!ATTLIST publisher id ID #REQUIRED>
]>
<bibliography>
  <books>
    <book key="Michard01" lang="fr">
      <title>XML langage et appplications</title>
      <author>Alain Michard</author>
      <year>2001</year>
      <isbn>2-212-09206-7</isbn>
      <url>http://www.editions-eyrolles/livres/michard/</url>
      <published by="id2680397"/>
    </book>
    <book key="Marchal00" lang="en">
      <title>XML by Example</title>
      <author>Benoît Marchal</author>
      <year>2000</year>
      <isbn>0-7897-2242-9</isbn>
      <published by="id2680427"/>
    </book>
  </books>
  <publishers>
    <publisher id="id2680397">
      <name>Eyrolles</name>
      <address>Paris</address>
    </publisher>
    <publisher id="id2680427">
      <name>Macmillan Computer Publishing</name>
      <address>New York</address>
	</publisher>
  </publishers>
</bibliography>

