<?xml version="1.0" encoding="UTF-8"?>
<joueur nom="durand" prenom="georges" email="georges.durnad@gmail.com" login="GDurand" xmlns:xsi="http://www.w3.org/2001/XMLSchema-instance" xsi:noNamespaceSchemaLocation="ex5_joueur.xsd">
<coordonnees>
<num>25Bis</num>
<adresse1> avenue charles de gaulle</adresse1>
<adresse2> batimentC</adresse2>
<ville codePostal="90000">Belfort</ville>
<pays>france</pays>
</coordonnees>
<abonnement type="abonne">
<paiement debut="2010-11-01" fin="2010-11-30">50</paiement>
<paiement debut="2010-12-01" fin="2010-12-31">30</paiement>
<paiement debut="2011-01-01" fin="2011-01-31">40</paiement>
</abonnement>
<typeJeu libelle="carte">
<jeu url="www.jouer.com" nom="poker">
<partie nom="partie1">
<manche numero="1" mise="1" gain="3" statut="1" date_manche="2010-11-01T09:10:01"/>
<manche numero="2" mise="1" gain="3" statut="1" date_manche="2010-11-01T09:15:12"/>
<manche numero="3" mise="1" gain="0" statut="0" date_manche="2010-11-01T09:21:34"/>
<manche numero="4" mise="1" gain="0" statut="0" date_manche="2010-11-01T09:34:00"/>
</partie>
</jeu>
</typeJeu>
</joueur>
