<?xml version="1.0" encoding="UTF-8"?>
<magasin xmlns:xsi="http://www.w3.org/2001/XMLSchema-instance" xsi:noNamespaceSchemaLocation="ex6_magazin.xsd">
<clients>
<client clientID="123">
<nom>dupond</nom>
<prenom>francois</prenom>
<dateNaissance>2000-04-12</dateNaissance>
<telephone>00334455</telephone>
</client>
<client clientID="456">
<nom>macron</nom>
<prenom>aline</prenom>
<dateNaissance>1995-03-15</dateNaissance>
<email>aline.macron@gmai.com</email>
</client>
</clients>
<commandes>
<commande>
<clientID>123</clientID>
<dateCommande>2017-04-02</dateCommande>
<dateLivraison>2017-05-11</dateLivraison>
<article>imprimante</article>
<article>scaner</article>
<article>pc</article>
</commande>
<commande>
<clientID>456</clientID>
<dateCommande>2017-02-11</dateCommande>
<dateLivraison>2017-05-14</dateLivraison>
<article>saccoche</article>
<article>cd</article>
<article>unite</article>
</commande>
</commandes>
</magasin>
