<?xml version="1.0" encoding="UTF-8"?>

<!-- New XML document created with EditiX XML Editor (http://www.editix.com) at Wed Apr 12 11:30:51 WAT 2017 -->

<livre>

<section>

<chapitre>

<paragraphe></paragraphe>

</chapitre>

<chapitre>

<paragraphe></paragraphe>

</chapitre>

</section>

<section>

<chapitre>

<paragraphe>

</paragraphe>

</chapitre>


<chapitre>

<paragraphe>

</paragraphe>

</chapitre>

</section>

<auteurs>

<auteur nom="" prenom="">

</auteur>

<auteur nom="" prenom="">

</auteur>

</auteurs>

</livre>

