<?xml version="1.0" encoding="UTF-8"?>

<?xml-stylesheet type="text/css" href="exercice4.css"?>



<recette>
<section>Recette</section>
<auteur>Auteur : Foulen</auteur>
<titre>Titre : sucrée-salée</titre>
<remarque>Remarque : préparation pour une personne</remarque>
<section> Ingrédients : </section>
<elt> Confiture de fraises</elt>
<elt> Chocolat râpé</elt>
<elt> Bananes écrasées</elt>
<elt> Moutarde forte</elt>
<elt> Saucisses </elt>
<section>Procédure:</section>
<procedure> Remplir un saladier avec de la confiture de fraises, du
chocolat râpé, des bananes écrasées, de la moutarde forte, des
saucisses écrasées. Mélanger vigoureusement jusqu'à obtenir une bouillie
marron-clair. Il est normal qu'il y ait des grumeaux. Les proportions
sont environ égales pour tous les ingrédients, mais il est possible de
varier selon les goûts de chacun.
</procedure>
</recette>
