<?xml version="1.0" encoding="UTF-8"?>

<?xml-stylesheet type="text/css" href="exercice3.css"?>
<phones>

<phone>
<nom>SONY ERICSSON Z520I</nom>
<poids>94 G</poids>
<dimension>46*83*24mm</dimension>
<autonomie>400 H autonomie En Veille</autonomie>
<camera>Camera Video Integre +Quadri-Bandes</camera>
<prix>250DT</prix>
</phone>

<phone>
<nom>NOKIA E50
</nom>
<poids>04 G
</poids>
<dimension>113*43.5*15.5mm
</dimension>
<autonomie>

215 H Autonomie En Veille 

</autonomie>

<camera>

Appareil Photo Integre + Enregisteur Video 
</camera>

<prix>264 DT
</prix>

</phone>

</phones>
