<?xml version="1.0" encoding="UTF-8" ?>
<?xml-stylesheet type="text/css" href="styles.css"?>

<bib>

<livre>
<auteur>auteur1</auteur>
<titre id="L1">titre1</titre>
<nb_page>56</nb_page>
</livre>

<livre>
<auteur>auteur2</auteur>
<titre id="L2">titre2</titre>
<nb_page>100</nb_page>
</livre>

<livre>
<auteur>auteur3</auteur>
<titre id="L3">titre3</titre>
<nb_page>300</nb_page>
</livre>

<etudiant>
<nom>mhiri</nom>
<prenom>tasnim</prenom>
<nci id="MM">123456</nci>
</etudiant>

<etudiant>
<nom>fihri</nom>
<prenom>neila</prenom>
<nci id="FF">7888</nci>
</etudiant>

<etudiant>
<nom>nassri</nom>
<prenom>ayoun</prenom>
<nci id="NN">77787</nci>
</etudiant>

<emprunt>
<ncin_etud idref="NN"></ncin_etud>
<titre_livre idref="L3"></titre_livre>
</emprunt>
</bib>
